"COUNTRY","ISO3","UN_CODE","FAO_AREA_CODE","REGION","OCEAN"
"Afghanistan","AFG",4,4,"Asia - Inland waters","Inland Waters"
"Albania","ALB",8,5,"Europe - Inland waters","Inland Waters"
"Albania","ALB",8,37,"Mediterranean and Black Sea","Atlantic  "
"Algeria","DZA",12,1,"Africa - Inland waters","Inland Waters"
"Algeria","DZA",12,37,"Mediterranean and Black Sea","Atlantic  "
"American Samoa","ASM",16,6,"Oceania - Inland waters","Inland Waters"
"American Samoa","ASM",16,77,"Pacific, Eastern Central","Pacific  "
"Andorra","AND",20,5,"Europe - Inland waters","Inland Waters"
"Angola","AGO",24,1,"Africa - Inland waters","Inland Waters"
"Angola","AGO",24,34,"Atlantic, Eastern Central","Atlantic  "
"Angola","AGO",24,47,"Atlantic, Southeast","Atlantic  "
"Antigua and Barbuda","ATG",28,2,"America, North - Inland waters","Inland Waters"
"Antigua and Barbuda","ATG",28,31,"Atlantic, Western Central","Atlantic  "
"Azerbaijan","AZE",31,4,"Asia - Inland waters","Inland Waters"
"Argentina","ARG",32,3,"America, South - Inland waters","Inland Waters"
"Argentina","ARG",32,34,"Atlantic, Eastern Central","Atlantic  "
"Argentina","ARG",32,41,"Atlantic, Southwest","Atlantic  "
"Argentina","ARG",32,48,"Atlantic, Antarctic","Southern"
"Argentina","ARG",32,88,"Pacific, Antarctic","Southern"
"Argentina","ARG",32,98,"Antarctic areas nei","Southern"
"Argentina","ARG",32,99,"Marine areas outside the Antarctic","Inland Waters"
"Australia","AUS",36,6,"Oceania - Inland waters","Inland Waters"
"Australia","AUS",36,41,"Atlantic, Southwest","Atlantic  "
"Australia","AUS",36,57,"Indian Ocean, Eastern","Indian  "
"Australia","AUS",36,58,"Indian Ocean, Antarctic","Southern"
"Australia","AUS",36,71,"Pacific, Western Central","Pacific  "
"Australia","AUS",36,81,"Pacific, Southwest","Pacific  "
"Australia","AUS",36,88,"Pacific, Antarctic","Southern"
"Australia","AUS",36,99,"Marine areas outside the Antarctic","Inland Waters"
"Austria","AUT",40,5,"Europe - Inland waters","Inland Waters"
"Bahamas","BHS",44,2,"America, North - Inland waters","Inland Waters"
"Bahamas","BHS",44,31,"Atlantic, Western Central","Atlantic  "
"Bahamas","BHS",44,34,"Atlantic, Eastern Central","Atlantic  "
"Bahamas","BHS",44,99,"Marine areas outside the Antarctic","Inland Waters"
"Bahrain","BHR",48,4,"Asia - Inland waters","Inland Waters"
"Bahrain","BHR",48,51,"Indian Ocean, Western","Indian  "
"Bangladesh","BGD",50,4,"Asia - Inland waters","Inland Waters"
"Bangladesh","BGD",50,57,"Indian Ocean, Eastern","Indian  "
"Armenia","ARM",51,4,"Asia - Inland waters","Inland Waters"
"Barbados","BRB",52,2,"America, North - Inland waters","Inland Waters"
"Barbados","BRB",52,31,"Atlantic, Western Central","Atlantic  "
"Belgium","BEL",56,5,"Europe - Inland waters","Inland Waters"
"Belgium","BEL",56,27,"Atlantic, Northeast","Atlantic  "
"Belgium","BEL",56,99,"Marine areas outside the Antarctic","Inland Waters"
"Bermuda","BMU",60,2,"America, North - Inland waters","Inland Waters"
"Bermuda","BMU",60,31,"Atlantic, Western Central","Atlantic  "
"Bermuda","BMU",60,77,"Pacific, Eastern Central","Pacific  "
"Bermuda","BMU",60,87,"Pacific, Southeast","Pacific  "
"Bhutan","BTN",64,4,"Asia - Inland waters","Inland Waters"
"Bolivia (Plurinat.State)","BOL",68,3,"America, South - Inland waters","Inland Waters"
"Bosnia and Herzegovina","BIH",70,5,"Europe - Inland waters","Inland Waters"
"Bosnia and Herzegovina","BIH",70,37,"Mediterranean and Black Sea","Atlantic  "
"Botswana","BWA",72,1,"Africa - Inland waters","Inland Waters"
"Brazil","BRA",76,3,"America, South - Inland waters","Inland Waters"
"Brazil","BRA",76,41,"Atlantic, Southwest","Atlantic  "
"Brazil","BRA",76,99,"Marine areas outside the Antarctic","Inland Waters"
"Belize","BLZ",84,2,"America, North - Inland waters","Inland Waters"
"Belize","BLZ",84,31,"Atlantic, Western Central","Atlantic  "
"Belize","BLZ",84,34,"Atlantic, Eastern Central","Atlantic  "
"Belize","BLZ",84,41,"Atlantic, Southwest","Atlantic  "
"Belize","BLZ",84,51,"Indian Ocean, Western","Indian  "
"Belize","BLZ",84,57,"Indian Ocean, Eastern","Indian  "
"Belize","BLZ",84,71,"Pacific, Western Central","Pacific  "
"Belize","BLZ",84,77,"Pacific, Eastern Central","Pacific  "
"Belize","BLZ",84,81,"Pacific, Southwest","Pacific  "
"Belize","BLZ",84,87,"Pacific, Southeast","Pacific  "
"British Indian Ocean Ter","IOT",86,51,"Indian Ocean, Western","Indian  "
"Solomon Islands","SLB",90,6,"Oceania - Inland waters","Inland Waters"
"Solomon Islands","SLB",90,71,"Pacific, Western Central","Pacific  "
"British Virgin Islands","VGB",92,2,"America, North - Inland waters","Inland Waters"
"British Virgin Islands","VGB",92,31,"Atlantic, Western Central","Atlantic  "
"Brunei Darussalam","BRN",96,4,"Asia - Inland waters","Inland Waters"
"Brunei Darussalam","BRN",96,71,"Pacific, Western Central","Pacific  "
"Bulgaria","BGR",100,5,"Europe - Inland waters","Inland Waters"
"Bulgaria","BGR",100,21,"Atlantic, Northwest","Atlantic  "
"Bulgaria","BGR",100,27,"Atlantic, Northeast","Atlantic  "
"Bulgaria","BGR",100,34,"Atlantic, Eastern Central","Atlantic  "
"Bulgaria","BGR",100,37,"Mediterranean and Black Sea","Atlantic  "
"Bulgaria","BGR",100,41,"Atlantic, Southwest","Atlantic  "
"Bulgaria","BGR",100,47,"Atlantic, Southeast","Atlantic  "
"Bulgaria","BGR",100,48,"Atlantic, Antarctic","Southern"
"Bulgaria","BGR",100,51,"Indian Ocean, Western","Indian  "
"Bulgaria","BGR",100,67,"Pacific, Northeast","Pacific  "
"Bulgaria","BGR",100,87,"Pacific, Southeast","Pacific  "
"Myanmar","MMR",104,4,"Asia - Inland waters","Inland Waters"
"Myanmar","MMR",104,57,"Indian Ocean, Eastern","Indian  "
"Burundi","BDI",108,1,"Africa - Inland waters","Inland Waters"
"Belarus","BLR",112,5,"Europe - Inland waters","Inland Waters"
"Cambodia","KHM",116,4,"Asia - Inland waters","Inland Waters"
"Cambodia","KHM",116,41,"Atlantic, Southwest","Atlantic  "
"Cambodia","KHM",116,47,"Atlantic, Southeast","Atlantic  "
"Cambodia","KHM",116,71,"Pacific, Western Central","Pacific  "
"Cameroon","CMR",120,1,"Africa - Inland waters","Inland Waters"
"Cameroon","CMR",120,34,"Atlantic, Eastern Central","Atlantic  "
"Canada","CAN",124,2,"America, North - Inland waters","Inland Waters"
"Canada","CAN",124,18,"Arctic Sea","Atlantic  "
"Canada","CAN",124,21,"Atlantic, Northwest","Atlantic  "
"Canada","CAN",124,34,"Atlantic, Eastern Central","Atlantic  "
"Canada","CAN",124,61,"Pacific, Northwest","Pacific  "
"Canada","CAN",124,67,"Pacific, Northeast","Pacific  "
"Canada","CAN",124,77,"Pacific, Eastern Central","Pacific  "
"Canada","CAN",124,81,"Pacific, Southwest","Pacific  "
"Canada","CAN",124,87,"Pacific, Southeast","Pacific  "
"Canada","CAN",124,99,"Marine areas outside the Antarctic","Inland Waters"
"Cabo Verde","CPV",132,1,"Africa - Inland waters","Inland Waters"
"Cabo Verde","CPV",132,27,"Atlantic, Northeast","Atlantic  "
"Cabo Verde","CPV",132,34,"Atlantic, Eastern Central","Atlantic  "
"Cabo Verde","CPV",132,47,"Atlantic, Southeast","Atlantic  "
"Cayman Islands","CYM",136,2,"America, North - Inland waters","Inland Waters"
"Cayman Islands","CYM",136,31,"Atlantic, Western Central","Atlantic  "
"Cayman Islands","CYM",136,34,"Atlantic, Eastern Central","Atlantic  "
"Central African Republic","CAF",140,1,"Africa - Inland waters","Inland Waters"
"Sri Lanka","LKA",144,4,"Asia - Inland waters","Inland Waters"
"Sri Lanka","LKA",144,57,"Indian Ocean, Eastern","Indian  "
"Sri Lanka","LKA",144,99,"Marine areas outside the Antarctic","Inland Waters"
"Chad","TCD",148,1,"Africa - Inland waters","Inland Waters"
"Chile","CHL",152,3,"America, South - Inland waters","Inland Waters"
"Chile","CHL",152,34,"Atlantic, Eastern Central","Atlantic  "
"Chile","CHL",152,41,"Atlantic, Southwest","Atlantic  "
"Chile","CHL",152,47,"Atlantic, Southeast","Atlantic  "
"Chile","CHL",152,48,"Atlantic, Antarctic","Southern"
"Chile","CHL",152,58,"Indian Ocean, Antarctic","Southern"
"Chile","CHL",152,87,"Pacific, Southeast","Pacific  "
"Chile","CHL",152,88,"Pacific, Antarctic","Southern"
"Chile","CHL",152,99,"Marine areas outside the Antarctic","Inland Waters"
"China","CHN",156,4,"Asia - Inland waters","Inland Waters"
"China","CHN",156,27,"Atlantic, Northeast","Atlantic  "
"China","CHN",156,31,"Atlantic, Western Central","Atlantic  "
"China","CHN",156,34,"Atlantic, Eastern Central","Atlantic  "
"China","CHN",156,37,"Mediterranean and Black Sea","Atlantic  "
"China","CHN",156,41,"Atlantic, Southwest","Atlantic  "
"China","CHN",156,47,"Atlantic, Southeast","Atlantic  "
"China","CHN",156,48,"Atlantic, Antarctic","Southern"
"China","CHN",156,51,"Indian Ocean, Western","Indian  "
"China","CHN",156,57,"Indian Ocean, Eastern","Indian  "
"China","CHN",156,58,"Indian Ocean, Antarctic","Southern"
"China","CHN",156,61,"Pacific, Northwest","Pacific  "
"China","CHN",156,71,"Pacific, Western Central","Pacific  "
"China","CHN",156,77,"Pacific, Eastern Central","Pacific  "
"China","CHN",156,81,"Pacific, Southwest","Pacific  "
"China","CHN",156,87,"Pacific, Southeast","Pacific  "
"Taiwan Province of China","TWN",158,4,"Asia - Inland waters","Inland Waters"
"Taiwan Province of China","TWN",158,21,"Atlantic, Northwest","Atlantic  "
"Taiwan Province of China","TWN",158,27,"Atlantic, Northeast","Atlantic  "
"Taiwan Province of China","TWN",158,31,"Atlantic, Western Central","Atlantic  "
"Taiwan Province of China","TWN",158,34,"Atlantic, Eastern Central","Atlantic  "
"Taiwan Province of China","TWN",158,37,"Mediterranean and Black Sea","Atlantic  "
"Taiwan Province of China","TWN",158,41,"Atlantic, Southwest","Atlantic  "
"Taiwan Province of China","TWN",158,47,"Atlantic, Southeast","Atlantic  "
"Taiwan Province of China","TWN",158,48,"Atlantic, Antarctic","Southern"
"Taiwan Province of China","TWN",158,51,"Indian Ocean, Western","Indian  "
"Taiwan Province of China","TWN",158,57,"Indian Ocean, Eastern","Indian  "
"Taiwan Province of China","TWN",158,61,"Pacific, Northwest","Pacific  "
"Taiwan Province of China","TWN",158,67,"Pacific, Northeast","Pacific  "
"Taiwan Province of China","TWN",158,71,"Pacific, Western Central","Pacific  "
"Taiwan Province of China","TWN",158,77,"Pacific, Eastern Central","Pacific  "
"Taiwan Province of China","TWN",158,81,"Pacific, Southwest","Pacific  "
"Taiwan Province of China","TWN",158,87,"Pacific, Southeast","Pacific  "
"Taiwan Province of China","TWN",158,99,"Marine areas outside the Antarctic","Inland Waters"
"Colombia","COL",170,3,"America, South - Inland waters","Inland Waters"
"Colombia","COL",170,31,"Atlantic, Western Central","Atlantic  "
"Colombia","COL",170,77,"Pacific, Eastern Central","Pacific  "
"Colombia","COL",170,87,"Pacific, Southeast","Pacific  "
"Colombia","COL",170,99,"Marine areas outside the Antarctic","Inland Waters"
"Comoros","COM",174,1,"Africa - Inland waters","Inland Waters"
"Comoros","COM",174,34,"Atlantic, Eastern Central","Atlantic  "
"Comoros","COM",174,51,"Indian Ocean, Western","Indian  "
"Mayotte","MYT",175,51,"Indian Ocean, Western","Indian  "
"Congo","COG",178,1,"Africa - Inland waters","Inland Waters"
"Congo","COG",178,34,"Atlantic, Eastern Central","Atlantic  "
"Congo","COG",178,47,"Atlantic, Southeast","Atlantic  "
"Congo, Dem. Rep. of the","COD",180,1,"Africa - Inland waters","Inland Waters"
"Congo, Dem. Rep. of the","COD",180,34,"Atlantic, Eastern Central","Atlantic  "
"Congo, Dem. Rep. of the","COD",180,47,"Atlantic, Southeast","Atlantic  "
"Cook Islands","COK",184,6,"Oceania - Inland waters","Inland Waters"
"Cook Islands","COK",184,51,"Indian Ocean, Western","Indian  "
"Cook Islands","COK",184,57,"Indian Ocean, Eastern","Indian  "
"Cook Islands","COK",184,71,"Pacific, Western Central","Pacific  "
"Cook Islands","COK",184,77,"Pacific, Eastern Central","Pacific  "
"Cook Islands","COK",184,81,"Pacific, Southwest","Pacific  "
"Cook Islands","COK",184,87,"Pacific, Southeast","Pacific  "
"Costa Rica","CRI",188,2,"America, North - Inland waters","Inland Waters"
"Costa Rica","CRI",188,31,"Atlantic, Western Central","Atlantic  "
"Costa Rica","CRI",188,77,"Pacific, Eastern Central","Pacific  "
"Costa Rica","CRI",188,87,"Pacific, Southeast","Pacific  "
"Costa Rica","CRI",188,99,"Marine areas outside the Antarctic","Inland Waters"
"Croatia","HRV",191,5,"Europe - Inland waters","Inland Waters"
"Croatia","HRV",191,37,"Mediterranean and Black Sea","Atlantic  "
"Cuba","CUB",192,2,"America, North - Inland waters","Inland Waters"
"Cuba","CUB",192,21,"Atlantic, Northwest","Atlantic  "
"Cuba","CUB",192,31,"Atlantic, Western Central","Atlantic  "
"Cuba","CUB",192,34,"Atlantic, Eastern Central","Atlantic  "
"Cuba","CUB",192,41,"Atlantic, Southwest","Atlantic  "
"Cuba","CUB",192,47,"Atlantic, Southeast","Atlantic  "
"Cuba","CUB",192,87,"Pacific, Southeast","Pacific  "
"Cyprus","CYP",196,4,"Asia - Inland waters","Inland Waters"
"Cyprus","CYP",196,34,"Atlantic, Eastern Central","Atlantic  "
"Cyprus","CYP",196,37,"Mediterranean and Black Sea","Atlantic  "
"Cyprus","CYP",196,77,"Pacific, Eastern Central","Pacific  "
"Cyprus","CYP",196,87,"Pacific, Southeast","Pacific  "
"Czechoslovakia","CSK",200,5,"Europe - Inland waters","Inland Waters"
"Czechia","CZE",203,5,"Europe - Inland waters","Inland Waters"
"Benin","BEN",204,1,"Africa - Inland waters","Inland Waters"
"Benin","BEN",204,34,"Atlantic, Eastern Central","Atlantic  "
"Denmark","DNK",208,5,"Europe - Inland waters","Inland Waters"
"Denmark","DNK",208,21,"Atlantic, Northwest","Atlantic  "
"Denmark","DNK",208,27,"Atlantic, Northeast","Atlantic  "
"Denmark","DNK",208,34,"Atlantic, Eastern Central","Atlantic  "
"Denmark","DNK",208,99,"Marine areas outside the Antarctic","Inland Waters"
"Dominica","DMA",212,2,"America, North - Inland waters","Inland Waters"
"Dominica","DMA",212,31,"Atlantic, Western Central","Atlantic  "
"Dominican Republic","DOM",214,2,"America, North - Inland waters","Inland Waters"
"Dominican Republic","DOM",214,31,"Atlantic, Western Central","Atlantic  "
"Ecuador","ECU",218,3,"America, South - Inland waters","Inland Waters"
"Ecuador","ECU",218,71,"Pacific, Western Central","Pacific  "
"Ecuador","ECU",218,77,"Pacific, Eastern Central","Pacific  "
"Ecuador","ECU",218,87,"Pacific, Southeast","Pacific  "
"Ecuador","ECU",218,99,"Marine areas outside the Antarctic","Inland Waters"
"El Salvador","SLV",222,2,"America, North - Inland waters","Inland Waters"
"El Salvador","SLV",222,31,"Atlantic, Western Central","Atlantic  "
"El Salvador","SLV",222,34,"Atlantic, Eastern Central","Atlantic  "
"El Salvador","SLV",222,71,"Pacific, Western Central","Pacific  "
"El Salvador","SLV",222,77,"Pacific, Eastern Central","Pacific  "
"El Salvador","SLV",222,87,"Pacific, Southeast","Pacific  "
"Equatorial Guinea","GNQ",226,1,"Africa - Inland waters","Inland Waters"
"Equatorial Guinea","GNQ",226,34,"Atlantic, Eastern Central","Atlantic  "
"Ethiopia","ETH",231,1,"Africa - Inland waters","Inland Waters"
"Ethiopia","ETH",231,51,"Indian Ocean, Western","Indian  "
"Eritrea","ERI",232,1,"Africa - Inland waters","Inland Waters"
"Eritrea","ERI",232,51,"Indian Ocean, Western","Indian  "
"Estonia","EST",233,5,"Europe - Inland waters","Inland Waters"
"Estonia","EST",233,21,"Atlantic, Northwest","Atlantic  "
"Estonia","EST",233,27,"Atlantic, Northeast","Atlantic  "
"Estonia","EST",233,34,"Atlantic, Eastern Central","Atlantic  "
"Estonia","EST",233,41,"Atlantic, Southwest","Atlantic  "
"Estonia","EST",233,47,"Atlantic, Southeast","Atlantic  "
"Estonia","EST",233,77,"Pacific, Eastern Central","Pacific  "
"Estonia","EST",233,81,"Pacific, Southwest","Pacific  "
"Estonia","EST",233,87,"Pacific, Southeast","Pacific  "
"Faroe Islands","FRO",234,5,"Europe - Inland waters","Inland Waters"
"Faroe Islands","FRO",234,21,"Atlantic, Northwest","Atlantic  "
"Faroe Islands","FRO",234,27,"Atlantic, Northeast","Atlantic  "
"Faroe Islands","FRO",234,87,"Pacific, Southeast","Pacific  "
"Faroe Islands","FRO",234,99,"Marine areas outside the Antarctic","Inland Waters"
"Falkland Is.(Malvinas)","FLK",238,3,"America, South - Inland waters","Inland Waters"
"Falkland Is.(Malvinas)","FLK",238,41,"Atlantic, Southwest","Atlantic  "
"Falkland Is.(Malvinas)","FLK",238,47,"Atlantic, Southeast","Atlantic  "
"Falkland Is.(Malvinas)","FLK",238,98,"Antarctic areas nei","Southern"
"Fiji","FJI",242,6,"Oceania - Inland waters","Inland Waters"
"Fiji","FJI",242,71,"Pacific, Western Central","Pacific  "
"Finland","FIN",246,5,"Europe - Inland waters","Inland Waters"
"Finland","FIN",246,27,"Atlantic, Northeast","Atlantic  "
"France","FRA",250,5,"Europe - Inland waters","Inland Waters"
"France","FRA",250,21,"Atlantic, Northwest","Atlantic  "
"France","FRA",250,27,"Atlantic, Northeast","Atlantic  "
"France","FRA",250,31,"Atlantic, Western Central","Atlantic  "
"France","FRA",250,34,"Atlantic, Eastern Central","Atlantic  "
"France","FRA",250,37,"Mediterranean and Black Sea","Atlantic  "
"France","FRA",250,41,"Atlantic, Southwest","Atlantic  "
"France","FRA",250,47,"Atlantic, Southeast","Atlantic  "
"France","FRA",250,48,"Atlantic, Antarctic","Southern"
"France","FRA",250,51,"Indian Ocean, Western","Indian  "
"France","FRA",250,57,"Indian Ocean, Eastern","Indian  "
"France","FRA",250,58,"Indian Ocean, Antarctic","Southern"
"France","FRA",250,77,"Pacific, Eastern Central","Pacific  "
"France","FRA",250,87,"Pacific, Southeast","Pacific  "
"France","FRA",250,99,"Marine areas outside the Antarctic","Inland Waters"
"French Guiana","GUF",254,3,"America, South - Inland waters","Inland Waters"
"French Guiana","GUF",254,31,"Atlantic, Western Central","Atlantic  "
"French Polynesia","PYF",258,6,"Oceania - Inland waters","Inland Waters"
"French Polynesia","PYF",258,77,"Pacific, Eastern Central","Pacific  "
"French Southern Terr","ATF",260,1,"Africa - Inland waters","Inland Waters"
"French Southern Terr","ATF",260,51,"Indian Ocean, Western","Indian  "
"Djibouti","DJI",262,1,"Africa - Inland waters","Inland Waters"
"Djibouti","DJI",262,51,"Indian Ocean, Western","Indian  "
"Gabon","GAB",266,1,"Africa - Inland waters","Inland Waters"
"Gabon","GAB",266,34,"Atlantic, Eastern Central","Atlantic  "
"Georgia","GEO",268,4,"Asia - Inland waters","Inland Waters"
"Georgia","GEO",268,34,"Atlantic, Eastern Central","Atlantic  "
"Georgia","GEO",268,37,"Mediterranean and Black Sea","Atlantic  "
"Georgia","GEO",268,47,"Atlantic, Southeast","Atlantic  "
"Georgia","GEO",268,51,"Indian Ocean, Western","Indian  "
"Georgia","GEO",268,81,"Pacific, Southwest","Pacific  "
"Georgia","GEO",268,87,"Pacific, Southeast","Pacific  "
"Gambia","GMB",270,1,"Africa - Inland waters","Inland Waters"
"Gambia","GMB",270,34,"Atlantic, Eastern Central","Atlantic  "
"Palestine","PSE",275,4,"Asia - Inland waters","Inland Waters"
"Palestine","PSE",275,37,"Mediterranean and Black Sea","Atlantic  "
"Germany","DEU",276,5,"Europe - Inland waters","Inland Waters"
"Germany","DEU",276,21,"Atlantic, Northwest","Atlantic  "
"Germany","DEU",276,27,"Atlantic, Northeast","Atlantic  "
"Germany","DEU",276,34,"Atlantic, Eastern Central","Atlantic  "
"Germany","DEU",276,41,"Atlantic, Southwest","Atlantic  "
"Germany","DEU",276,47,"Atlantic, Southeast","Atlantic  "
"Germany","DEU",276,48,"Atlantic, Antarctic","Southern"
"Germany","DEU",276,51,"Indian Ocean, Western","Indian  "
"Germany","DEU",276,67,"Pacific, Northeast","Pacific  "
"Germany","DEU",276,87,"Pacific, Southeast","Pacific  "
"Germany","DEU",276,99,"Marine areas outside the Antarctic","Inland Waters"
"Ghana","GHA",288,1,"Africa - Inland waters","Inland Waters"
"Ghana","GHA",288,34,"Atlantic, Eastern Central","Atlantic  "
"Ghana","GHA",288,41,"Atlantic, Southwest","Atlantic  "
"Ghana","GHA",288,47,"Atlantic, Southeast","Atlantic  "
"Ghana","GHA",288,87,"Pacific, Southeast","Pacific  "
"Gibraltar","GIB",292,37,"Mediterranean and Black Sea","Atlantic  "
"Kiribati","KIR",296,6,"Oceania - Inland waters","Inland Waters"
"Kiribati","KIR",296,71,"Pacific, Western Central","Pacific  "
"Greece","GRC",300,5,"Europe - Inland waters","Inland Waters"
"Greece","GRC",300,34,"Atlantic, Eastern Central","Atlantic  "
"Greece","GRC",300,37,"Mediterranean and Black Sea","Atlantic  "
"Greece","GRC",300,41,"Atlantic, Southwest","Atlantic  "
"Greece","GRC",300,51,"Indian Ocean, Western","Indian  "
"Greenland","GRL",304,2,"America, North - Inland waters","Inland Waters"
"Greenland","GRL",304,21,"Atlantic, Northwest","Atlantic  "
"Greenland","GRL",304,27,"Atlantic, Northeast","Atlantic  "
"Greenland","GRL",304,99,"Marine areas outside the Antarctic","Inland Waters"
"Grenada","GRD",308,2,"America, North - Inland waters","Inland Waters"
"Grenada","GRD",308,31,"Atlantic, Western Central","Atlantic  "
"Guadeloupe","GLP",312,2,"America, North - Inland waters","Inland Waters"
"Guadeloupe","GLP",312,31,"Atlantic, Western Central","Atlantic  "
"Guam","GUM",316,6,"Oceania - Inland waters","Inland Waters"
"Guam","GUM",316,71,"Pacific, Western Central","Pacific  "
"Guatemala","GTM",320,2,"America, North - Inland waters","Inland Waters"
"Guatemala","GTM",320,31,"Atlantic, Western Central","Atlantic  "
"Guatemala","GTM",320,34,"Atlantic, Eastern Central","Atlantic  "
"Guatemala","GTM",320,77,"Pacific, Eastern Central","Pacific  "
"Guatemala","GTM",320,87,"Pacific, Southeast","Pacific  "
"Guinea","GIN",324,1,"Africa - Inland waters","Inland Waters"
"Guinea","GIN",324,34,"Atlantic, Eastern Central","Atlantic  "
"Guinea","GIN",324,51,"Indian Ocean, Western","Indian  "
"Guinea","GIN",324,57,"Indian Ocean, Eastern","Indian  "
"Guyana","GUY",328,3,"America, South - Inland waters","Inland Waters"
"Guyana","GUY",328,31,"Atlantic, Western Central","Atlantic  "
"Haiti","HTI",332,2,"America, North - Inland waters","Inland Waters"
"Haiti","HTI",332,31,"Atlantic, Western Central","Atlantic  "
"Honduras","HND",340,2,"America, North - Inland waters","Inland Waters"
"Honduras","HND",340,21,"Atlantic, Northwest","Atlantic  "
"Honduras","HND",340,31,"Atlantic, Western Central","Atlantic  "
"Honduras","HND",340,34,"Atlantic, Eastern Central","Atlantic  "
"Honduras","HND",340,41,"Atlantic, Southwest","Atlantic  "
"Honduras","HND",340,47,"Atlantic, Southeast","Atlantic  "
"Honduras","HND",340,57,"Indian Ocean, Eastern","Indian  "
"Honduras","HND",340,71,"Pacific, Western Central","Pacific  "
"Honduras","HND",340,77,"Pacific, Eastern Central","Pacific  "
"Honduras","HND",340,87,"Pacific, Southeast","Pacific  "
"China, Hong Kong SAR","HKG",344,4,"Asia - Inland waters","Inland Waters"
"China, Hong Kong SAR","HKG",344,61,"Pacific, Northwest","Pacific  "
"Hungary","HUN",348,5,"Europe - Inland waters","Inland Waters"
"Iceland","ISL",352,5,"Europe - Inland waters","Inland Waters"
"Iceland","ISL",352,21,"Atlantic, Northwest","Atlantic  "
"Iceland","ISL",352,27,"Atlantic, Northeast","Atlantic  "
"Iceland","ISL",352,31,"Atlantic, Western Central","Atlantic  "
"Iceland","ISL",352,34,"Atlantic, Eastern Central","Atlantic  "
"Iceland","ISL",352,47,"Atlantic, Southeast","Atlantic  "
"Iceland","ISL",352,99,"Marine areas outside the Antarctic","Inland Waters"
"India","IND",356,4,"Asia - Inland waters","Inland Waters"
"India","IND",356,51,"Indian Ocean, Western","Indian  "
"India","IND",356,57,"Indian Ocean, Eastern","Indian  "
"India","IND",356,58,"Indian Ocean, Antarctic","Southern"
"Indonesia","IDN",360,4,"Asia - Inland waters","Inland Waters"
"Indonesia","IDN",360,57,"Indian Ocean, Eastern","Indian  "
"Indonesia","IDN",360,71,"Pacific, Western Central","Pacific  "
"Iran (Islamic Rep. of)","IRN",364,4,"Asia - Inland waters","Inland Waters"
"Iran (Islamic Rep. of)","IRN",364,51,"Indian Ocean, Western","Indian  "
"Iran (Islamic Rep. of)","IRN",364,57,"Indian Ocean, Eastern","Indian  "
"Iraq","IRQ",368,4,"Asia - Inland waters","Inland Waters"
"Iraq","IRQ",368,47,"Atlantic, Southeast","Atlantic  "
"Iraq","IRQ",368,51,"Indian Ocean, Western","Indian  "
"Ireland","IRL",372,5,"Europe - Inland waters","Inland Waters"
"Ireland","IRL",372,21,"Atlantic, Northwest","Atlantic  "
"Ireland","IRL",372,27,"Atlantic, Northeast","Atlantic  "
"Ireland","IRL",372,34,"Atlantic, Eastern Central","Atlantic  "
"Ireland","IRL",372,99,"Marine areas outside the Antarctic","Inland Waters"
"Israel","ISR",376,4,"Asia - Inland waters","Inland Waters"
"Israel","ISR",376,34,"Atlantic, Eastern Central","Atlantic  "
"Israel","ISR",376,37,"Mediterranean and Black Sea","Atlantic  "
"Israel","ISR",376,41,"Atlantic, Southwest","Atlantic  "
"Israel","ISR",376,47,"Atlantic, Southeast","Atlantic  "
"Israel","ISR",376,51,"Indian Ocean, Western","Indian  "
"Italy","ITA",380,5,"Europe - Inland waters","Inland Waters"
"Italy","ITA",380,21,"Atlantic, Northwest","Atlantic  "
"Italy","ITA",380,27,"Atlantic, Northeast","Atlantic  "
"Italy","ITA",380,31,"Atlantic, Western Central","Atlantic  "
"Italy","ITA",380,34,"Atlantic, Eastern Central","Atlantic  "
"Italy","ITA",380,37,"Mediterranean and Black Sea","Atlantic  "
"Italy","ITA",380,41,"Atlantic, Southwest","Atlantic  "
"Italy","ITA",380,47,"Atlantic, Southeast","Atlantic  "
"Italy","ITA",380,51,"Indian Ocean, Western","Indian  "
"Italy","ITA",380,57,"Indian Ocean, Eastern","Indian  "
"Italy","ITA",380,99,"Marine areas outside the Antarctic","Inland Waters"
"Côte d'Ivoire","CIV",384,1,"Africa - Inland waters","Inland Waters"
"Côte d'Ivoire","CIV",384,34,"Atlantic, Eastern Central","Atlantic  "
"Jamaica","JAM",388,2,"America, North - Inland waters","Inland Waters"
"Jamaica","JAM",388,31,"Atlantic, Western Central","Atlantic  "
"Japan","JPN",392,4,"Asia - Inland waters","Inland Waters"
"Japan","JPN",392,21,"Atlantic, Northwest","Atlantic  "
"Japan","JPN",392,27,"Atlantic, Northeast","Atlantic  "
"Japan","JPN",392,31,"Atlantic, Western Central","Atlantic  "
"Japan","JPN",392,34,"Atlantic, Eastern Central","Atlantic  "
"Japan","JPN",392,37,"Mediterranean and Black Sea","Atlantic  "
"Japan","JPN",392,41,"Atlantic, Southwest","Atlantic  "
"Japan","JPN",392,47,"Atlantic, Southeast","Atlantic  "
"Japan","JPN",392,48,"Atlantic, Antarctic","Southern"
"Japan","JPN",392,51,"Indian Ocean, Western","Indian  "
"Japan","JPN",392,57,"Indian Ocean, Eastern","Indian  "
"Japan","JPN",392,58,"Indian Ocean, Antarctic","Southern"
"Japan","JPN",392,61,"Pacific, Northwest","Pacific  "
"Japan","JPN",392,67,"Pacific, Northeast","Pacific  "
"Japan","JPN",392,71,"Pacific, Western Central","Pacific  "
"Japan","JPN",392,77,"Pacific, Eastern Central","Pacific  "
"Japan","JPN",392,81,"Pacific, Southwest","Pacific  "
"Japan","JPN",392,87,"Pacific, Southeast","Pacific  "
"Japan","JPN",392,88,"Pacific, Antarctic","Southern"
"Japan","JPN",392,98,"Antarctic areas nei","Southern"
"Japan","JPN",392,99,"Marine areas outside the Antarctic","Inland Waters"
"Kazakhstan","KAZ",398,4,"Asia - Inland waters","Inland Waters"
"Jordan","JOR",400,4,"Asia - Inland waters","Inland Waters"
"Jordan","JOR",400,51,"Indian Ocean, Western","Indian  "
"Kenya","KEN",404,1,"Africa - Inland waters","Inland Waters"
"Kenya","KEN",404,51,"Indian Ocean, Western","Indian  "
"Korea, Dem. People's Rep","PRK",408,4,"Asia - Inland waters","Inland Waters"
"Korea, Dem. People's Rep","PRK",408,34,"Atlantic, Eastern Central","Atlantic  "
"Korea, Dem. People's Rep","PRK",408,61,"Pacific, Northwest","Pacific  "
"Korea, Republic of","KOR",410,4,"Asia - Inland waters","Inland Waters"
"Korea, Republic of","KOR",410,21,"Atlantic, Northwest","Atlantic  "
"Korea, Republic of","KOR",410,27,"Atlantic, Northeast","Atlantic  "
"Korea, Republic of","KOR",410,31,"Atlantic, Western Central","Atlantic  "
"Korea, Republic of","KOR",410,34,"Atlantic, Eastern Central","Atlantic  "
"Korea, Republic of","KOR",410,37,"Mediterranean and Black Sea","Atlantic  "
"Korea, Republic of","KOR",410,41,"Atlantic, Southwest","Atlantic  "
"Korea, Republic of","KOR",410,47,"Atlantic, Southeast","Atlantic  "
"Korea, Republic of","KOR",410,48,"Atlantic, Antarctic","Southern"
"Korea, Republic of","KOR",410,51,"Indian Ocean, Western","Indian  "
"Korea, Republic of","KOR",410,57,"Indian Ocean, Eastern","Indian  "
"Korea, Republic of","KOR",410,58,"Indian Ocean, Antarctic","Southern"
"Korea, Republic of","KOR",410,61,"Pacific, Northwest","Pacific  "
"Korea, Republic of","KOR",410,67,"Pacific, Northeast","Pacific  "
"Korea, Republic of","KOR",410,71,"Pacific, Western Central","Pacific  "
"Korea, Republic of","KOR",410,77,"Pacific, Eastern Central","Pacific  "
"Korea, Republic of","KOR",410,81,"Pacific, Southwest","Pacific  "
"Korea, Republic of","KOR",410,87,"Pacific, Southeast","Pacific  "
"Korea, Republic of","KOR",410,88,"Pacific, Antarctic","Southern"
"Korea, Republic of","KOR",410,99,"Marine areas outside the Antarctic","Inland Waters"
"Kuwait","KWT",414,4,"Asia - Inland waters","Inland Waters"
"Kuwait","KWT",414,51,"Indian Ocean, Western","Indian  "
"Kyrgyzstan","KGZ",417,4,"Asia - Inland waters","Inland Waters"
"Lao People's Dem. Rep.","LAO",418,4,"Asia - Inland waters","Inland Waters"
"Lebanon","LBN",422,4,"Asia - Inland waters","Inland Waters"
"Lebanon","LBN",422,37,"Mediterranean and Black Sea","Atlantic  "
"Lesotho","LSO",426,1,"Africa - Inland waters","Inland Waters"
"Latvia","LVA",428,5,"Europe - Inland waters","Inland Waters"
"Latvia","LVA",428,21,"Atlantic, Northwest","Atlantic  "
"Latvia","LVA",428,27,"Atlantic, Northeast","Atlantic  "
"Latvia","LVA",428,34,"Atlantic, Eastern Central","Atlantic  "
"Latvia","LVA",428,41,"Atlantic, Southwest","Atlantic  "
"Latvia","LVA",428,47,"Atlantic, Southeast","Atlantic  "
"Latvia","LVA",428,48,"Atlantic, Antarctic","Southern"
"Latvia","LVA",428,81,"Pacific, Southwest","Pacific  "
"Latvia","LVA",428,87,"Pacific, Southeast","Pacific  "
"Liberia","LBR",430,1,"Africa - Inland waters","Inland Waters"
"Liberia","LBR",430,34,"Atlantic, Eastern Central","Atlantic  "
"Liberia","LBR",430,87,"Pacific, Southeast","Pacific  "
"Libya","LBY",434,1,"Africa - Inland waters","Inland Waters"
"Libya","LBY",434,27,"Atlantic, Northeast","Atlantic  "
"Libya","LBY",434,34,"Atlantic, Eastern Central","Atlantic  "
"Libya","LBY",434,37,"Mediterranean and Black Sea","Atlantic  "
"Liechtenstein","LIE",438,5,"Europe - Inland waters","Inland Waters"
"Lithuania","LTU",440,5,"Europe - Inland waters","Inland Waters"
"Lithuania","LTU",440,21,"Atlantic, Northwest","Atlantic  "
"Lithuania","LTU",440,27,"Atlantic, Northeast","Atlantic  "
"Lithuania","LTU",440,31,"Atlantic, Western Central","Atlantic  "
"Lithuania","LTU",440,34,"Atlantic, Eastern Central","Atlantic  "
"Lithuania","LTU",440,41,"Atlantic, Southwest","Atlantic  "
"Lithuania","LTU",440,47,"Atlantic, Southeast","Atlantic  "
"Lithuania","LTU",440,51,"Indian Ocean, Western","Indian  "
"Lithuania","LTU",440,77,"Pacific, Eastern Central","Pacific  "
"Lithuania","LTU",440,81,"Pacific, Southwest","Pacific  "
"Lithuania","LTU",440,87,"Pacific, Southeast","Pacific  "
"Luxembourg","LUX",442,5,"Europe - Inland waters","Inland Waters"
"China, Macao SAR","MAC",446,4,"Asia - Inland waters","Inland Waters"
"China, Macao SAR","MAC",446,61,"Pacific, Northwest","Pacific  "
"Madagascar","MDG",450,1,"Africa - Inland waters","Inland Waters"
"Madagascar","MDG",450,51,"Indian Ocean, Western","Indian  "
"Madagascar","MDG",450,57,"Indian Ocean, Eastern","Indian  "
"Malawi","MWI",454,1,"Africa - Inland waters","Inland Waters"
"Malaysia","MYS",458,4,"Asia - Inland waters","Inland Waters"
"Malaysia","MYS",458,57,"Indian Ocean, Eastern","Indian  "
"Malaysia","MYS",458,71,"Pacific, Western Central","Pacific  "
"Maldives","MDV",462,4,"Asia - Inland waters","Inland Waters"
"Maldives","MDV",462,51,"Indian Ocean, Western","Indian  "
"Mali","MLI",466,1,"Africa - Inland waters","Inland Waters"
"Malta","MLT",470,5,"Europe - Inland waters","Inland Waters"
"Malta","MLT",470,34,"Atlantic, Eastern Central","Atlantic  "
"Malta","MLT",470,37,"Mediterranean and Black Sea","Atlantic  "
"Martinique","MTQ",474,2,"America, North - Inland waters","Inland Waters"
"Martinique","MTQ",474,31,"Atlantic, Western Central","Atlantic  "
"Mauritania","MRT",478,1,"Africa - Inland waters","Inland Waters"
"Mauritania","MRT",478,34,"Atlantic, Eastern Central","Atlantic  "
"Mauritius","MUS",480,1,"Africa - Inland waters","Inland Waters"
"Mauritius","MUS",480,51,"Indian Ocean, Western","Indian  "
"Mexico","MEX",484,2,"America, North - Inland waters","Inland Waters"
"Mexico","MEX",484,21,"Atlantic, Northwest","Atlantic  "
"Mexico","MEX",484,31,"Atlantic, Western Central","Atlantic  "
"Mexico","MEX",484,71,"Pacific, Western Central","Pacific  "
"Mexico","MEX",484,77,"Pacific, Eastern Central","Pacific  "
"Mexico","MEX",484,87,"Pacific, Southeast","Pacific  "
"Mexico","MEX",484,99,"Marine areas outside the Antarctic","Inland Waters"
"Monaco","MCO",492,37,"Mediterranean and Black Sea","Atlantic  "
"Mongolia","MNG",496,4,"Asia - Inland waters","Inland Waters"
"Moldova, Republic of","MDA",498,5,"Europe - Inland waters","Inland Waters"
"Montenegro","MNE",499,5,"Europe - Inland waters","Inland Waters"
"Montenegro","MNE",499,37,"Mediterranean and Black Sea","Atlantic  "
"Montserrat","MSR",500,2,"America, North - Inland waters","Inland Waters"
"Montserrat","MSR",500,31,"Atlantic, Western Central","Atlantic  "
"Morocco","MAR",504,1,"Africa - Inland waters","Inland Waters"
"Morocco","MAR",504,34,"Atlantic, Eastern Central","Atlantic  "
"Morocco","MAR",504,37,"Mediterranean and Black Sea","Atlantic  "
"Mozambique","MOZ",508,1,"Africa - Inland waters","Inland Waters"
"Mozambique","MOZ",508,51,"Indian Ocean, Western","Indian  "
"Oman","OMN",512,4,"Asia - Inland waters","Inland Waters"
"Oman","OMN",512,51,"Indian Ocean, Western","Indian  "
"Oman","OMN",512,99,"Marine areas outside the Antarctic","Inland Waters"
"Namibia","NAM",516,1,"Africa - Inland waters","Inland Waters"
"Namibia","NAM",516,41,"Atlantic, Southwest","Atlantic  "
"Namibia","NAM",516,47,"Atlantic, Southeast","Atlantic  "
"Namibia","NAM",516,58,"Indian Ocean, Antarctic","Southern"
"Nauru","NRU",520,71,"Pacific, Western Central","Pacific  "
"Nepal","NPL",524,4,"Asia - Inland waters","Inland Waters"
"Netherlands","NLD",528,5,"Europe - Inland waters","Inland Waters"
"Netherlands","NLD",528,21,"Atlantic, Northwest","Atlantic  "
"Netherlands","NLD",528,27,"Atlantic, Northeast","Atlantic  "
"Netherlands","NLD",528,34,"Atlantic, Eastern Central","Atlantic  "
"Netherlands","NLD",528,41,"Atlantic, Southwest","Atlantic  "
"Netherlands","NLD",528,87,"Pacific, Southeast","Pacific  "
"Netherlands","NLD",528,98,"Antarctic areas nei","Southern"
"Netherlands","NLD",528,99,"Marine areas outside the Antarctic","Inland Waters"
"Netherlands Antilles","ANT",530,2,"America, North - Inland waters","Inland Waters"
"Netherlands Antilles","ANT",530,31,"Atlantic, Western Central","Atlantic  "
"Netherlands Antilles","ANT",530,34,"Atlantic, Eastern Central","Atlantic  "
"Curaçao","CUW",531,31,"Atlantic, Western Central","Atlantic  "
"Curaçao","CUW",531,34,"Atlantic, Eastern Central","Atlantic  "
"Aruba","ABW",533,2,"America, North - Inland waters","Inland Waters"
"Aruba","ABW",533,31,"Atlantic, Western Central","Atlantic  "
"Sint Maarten","SXM",534,31,"Atlantic, Western Central","Atlantic  "
"Bonaire/S.Eustatius/Saba","BES",535,31,"Atlantic, Western Central","Atlantic  "
"New Caledonia","NCL",540,6,"Oceania - Inland waters","Inland Waters"
"New Caledonia","NCL",540,71,"Pacific, Western Central","Pacific  "
"Vanuatu","VUT",548,6,"Oceania - Inland waters","Inland Waters"
"Vanuatu","VUT",548,31,"Atlantic, Western Central","Atlantic  "
"Vanuatu","VUT",548,34,"Atlantic, Eastern Central","Atlantic  "
"Vanuatu","VUT",548,41,"Atlantic, Southwest","Atlantic  "
"Vanuatu","VUT",548,47,"Atlantic, Southeast","Atlantic  "
"Vanuatu","VUT",548,48,"Atlantic, Antarctic","Southern"
"Vanuatu","VUT",548,57,"Indian Ocean, Eastern","Indian  "
"Vanuatu","VUT",548,61,"Pacific, Northwest","Pacific  "
"Vanuatu","VUT",548,71,"Pacific, Western Central","Pacific  "
"Vanuatu","VUT",548,77,"Pacific, Eastern Central","Pacific  "
"Vanuatu","VUT",548,87,"Pacific, Southeast","Pacific  "
"New Zealand","NZL",554,6,"Oceania - Inland waters","Inland Waters"
"New Zealand","NZL",554,41,"Atlantic, Southwest","Atlantic  "
"New Zealand","NZL",554,48,"Atlantic, Antarctic","Southern"
"New Zealand","NZL",554,58,"Indian Ocean, Antarctic","Southern"
"New Zealand","NZL",554,71,"Pacific, Western Central","Pacific  "
"New Zealand","NZL",554,81,"Pacific, Southwest","Pacific  "
"New Zealand","NZL",554,88,"Pacific, Antarctic","Southern"
"New Zealand","NZL",554,99,"Marine areas outside the Antarctic","Inland Waters"
"Nicaragua","NIC",558,2,"America, North - Inland waters","Inland Waters"
"Nicaragua","NIC",558,31,"Atlantic, Western Central","Atlantic  "
"Nicaragua","NIC",558,77,"Pacific, Eastern Central","Pacific  "
"Nicaragua","NIC",558,87,"Pacific, Southeast","Pacific  "
"Niger","NER",562,1,"Africa - Inland waters","Inland Waters"
"Nigeria","NGA",566,1,"Africa - Inland waters","Inland Waters"
"Nigeria","NGA",566,34,"Atlantic, Eastern Central","Atlantic  "
"Nigeria","NGA",566,47,"Atlantic, Southeast","Atlantic  "
"Niue","NIU",570,6,"Oceania - Inland waters","Inland Waters"
"Niue","NIU",570,77,"Pacific, Eastern Central","Pacific  "
"Norfolk Island","NFK",574,6,"Oceania - Inland waters","Inland Waters"
"Norfolk Island","NFK",574,81,"Pacific, Southwest","Pacific  "
"Norway","NOR",578,5,"Europe - Inland waters","Inland Waters"
"Norway","NOR",578,21,"Atlantic, Northwest","Atlantic  "
"Norway","NOR",578,27,"Atlantic, Northeast","Atlantic  "
"Norway","NOR",578,34,"Atlantic, Eastern Central","Atlantic  "
"Norway","NOR",578,41,"Atlantic, Southwest","Atlantic  "
"Norway","NOR",578,47,"Atlantic, Southeast","Atlantic  "
"Norway","NOR",578,48,"Atlantic, Antarctic","Southern"
"Norway","NOR",578,51,"Indian Ocean, Western","Indian  "
"Norway","NOR",578,81,"Pacific, Southwest","Pacific  "
"Norway","NOR",578,88,"Pacific, Antarctic","Southern"
"Norway","NOR",578,98,"Antarctic areas nei","Southern"
"Norway","NOR",578,99,"Marine areas outside the Antarctic","Inland Waters"
"Northern Mariana Is.","MNP",580,6,"Oceania - Inland waters","Inland Waters"
"Northern Mariana Is.","MNP",580,71,"Pacific, Western Central","Pacific  "
"Micronesia, Fed.States of","FSM",583,6,"Oceania - Inland waters","Inland Waters"
"Micronesia, Fed.States of","FSM",583,71,"Pacific, Western Central","Pacific  "
"Marshall Islands","MHL",584,6,"Oceania - Inland waters","Inland Waters"
"Marshall Islands","MHL",584,34,"Atlantic, Eastern Central","Atlantic  "
"Marshall Islands","MHL",584,71,"Pacific, Western Central","Pacific  "
"Palau","PLW",585,6,"Oceania - Inland waters","Inland Waters"
"Palau","PLW",585,71,"Pacific, Western Central","Pacific  "
"Pakistan","PAK",586,4,"Asia - Inland waters","Inland Waters"
"Pakistan","PAK",586,51,"Indian Ocean, Western","Indian  "
"Panama","PAN",591,2,"America, North - Inland waters","Inland Waters"
"Panama","PAN",591,27,"Atlantic, Northeast","Atlantic  "
"Panama","PAN",591,31,"Atlantic, Western Central","Atlantic  "
"Panama","PAN",591,34,"Atlantic, Eastern Central","Atlantic  "
"Panama","PAN",591,37,"Mediterranean and Black Sea","Atlantic  "
"Panama","PAN",591,41,"Atlantic, Southwest","Atlantic  "
"Panama","PAN",591,47,"Atlantic, Southeast","Atlantic  "
"Panama","PAN",591,48,"Atlantic, Antarctic","Southern"
"Panama","PAN",591,77,"Pacific, Eastern Central","Pacific  "
"Panama","PAN",591,87,"Pacific, Southeast","Pacific  "
"Panama","PAN",591,98,"Antarctic areas nei","Southern"
"Panama","PAN",591,99,"Marine areas outside the Antarctic","Inland Waters"
"Papua New Guinea","PNG",598,6,"Oceania - Inland waters","Inland Waters"
"Papua New Guinea","PNG",598,71,"Pacific, Western Central","Pacific  "
"Paraguay","PRY",600,3,"America, South - Inland waters","Inland Waters"
"Peru","PER",604,3,"America, South - Inland waters","Inland Waters"
"Peru","PER",604,87,"Pacific, Southeast","Pacific  "
"Peru","PER",604,99,"Marine areas outside the Antarctic","Inland Waters"
"Philippines","PHL",608,4,"Asia - Inland waters","Inland Waters"
"Philippines","PHL",608,31,"Atlantic, Western Central","Atlantic  "
"Philippines","PHL",608,34,"Atlantic, Eastern Central","Atlantic  "
"Philippines","PHL",608,41,"Atlantic, Southwest","Atlantic  "
"Philippines","PHL",608,47,"Atlantic, Southeast","Atlantic  "
"Philippines","PHL",608,51,"Indian Ocean, Western","Indian  "
"Philippines","PHL",608,57,"Indian Ocean, Eastern","Indian  "
"Philippines","PHL",608,71,"Pacific, Western Central","Pacific  "
"Philippines","PHL",608,99,"Marine areas outside the Antarctic","Inland Waters"
"Pitcairn Islands","PCN",612,6,"Oceania - Inland waters","Inland Waters"
"Pitcairn Islands","PCN",612,81,"Pacific, Southwest","Pacific  "
"Poland","POL",616,5,"Europe - Inland waters","Inland Waters"
"Poland","POL",616,21,"Atlantic, Northwest","Atlantic  "
"Poland","POL",616,27,"Atlantic, Northeast","Atlantic  "
"Poland","POL",616,31,"Atlantic, Western Central","Atlantic  "
"Poland","POL",616,34,"Atlantic, Eastern Central","Atlantic  "
"Poland","POL",616,41,"Atlantic, Southwest","Atlantic  "
"Poland","POL",616,47,"Atlantic, Southeast","Atlantic  "
"Poland","POL",616,48,"Atlantic, Antarctic","Southern"
"Poland","POL",616,51,"Indian Ocean, Western","Indian  "
"Poland","POL",616,57,"Indian Ocean, Eastern","Indian  "
"Poland","POL",616,58,"Indian Ocean, Antarctic","Southern"
"Poland","POL",616,61,"Pacific, Northwest","Pacific  "
"Poland","POL",616,67,"Pacific, Northeast","Pacific  "
"Poland","POL",616,77,"Pacific, Eastern Central","Pacific  "
"Poland","POL",616,81,"Pacific, Southwest","Pacific  "
"Poland","POL",616,87,"Pacific, Southeast","Pacific  "
"Poland","POL",616,88,"Pacific, Antarctic","Southern"
"Poland","POL",616,99,"Marine areas outside the Antarctic","Inland Waters"
"Portugal","PRT",620,5,"Europe - Inland waters","Inland Waters"
"Portugal","PRT",620,21,"Atlantic, Northwest","Atlantic  "
"Portugal","PRT",620,27,"Atlantic, Northeast","Atlantic  "
"Portugal","PRT",620,31,"Atlantic, Western Central","Atlantic  "
"Portugal","PRT",620,34,"Atlantic, Eastern Central","Atlantic  "
"Portugal","PRT",620,37,"Mediterranean and Black Sea","Atlantic  "
"Portugal","PRT",620,41,"Atlantic, Southwest","Atlantic  "
"Portugal","PRT",620,47,"Atlantic, Southeast","Atlantic  "
"Portugal","PRT",620,51,"Indian Ocean, Western","Indian  "
"Portugal","PRT",620,57,"Indian Ocean, Eastern","Indian  "
"Portugal","PRT",620,71,"Pacific, Western Central","Pacific  "
"Portugal","PRT",620,77,"Pacific, Eastern Central","Pacific  "
"Portugal","PRT",620,81,"Pacific, Southwest","Pacific  "
"Portugal","PRT",620,87,"Pacific, Southeast","Pacific  "
"Portugal","PRT",620,99,"Marine areas outside the Antarctic","Inland Waters"
"Guinea-Bissau","GNB",624,1,"Africa - Inland waters","Inland Waters"
"Guinea-Bissau","GNB",624,34,"Atlantic, Eastern Central","Atlantic  "
"Timor-Leste","TLS",626,4,"Asia - Inland waters","Inland Waters"
"Timor-Leste","TLS",626,57,"Indian Ocean, Eastern","Indian  "
"Puerto Rico","PRI",630,2,"America, North - Inland waters","Inland Waters"
"Puerto Rico","PRI",630,31,"Atlantic, Western Central","Atlantic  "
"Qatar","QAT",634,4,"Asia - Inland waters","Inland Waters"
"Qatar","QAT",634,51,"Indian Ocean, Western","Indian  "
"Réunion","REU",638,1,"Africa - Inland waters","Inland Waters"
"Réunion","REU",638,51,"Indian Ocean, Western","Indian  "
"Romania","ROU",642,5,"Europe - Inland waters","Inland Waters"
"Romania","ROU",642,21,"Atlantic, Northwest","Atlantic  "
"Romania","ROU",642,27,"Atlantic, Northeast","Atlantic  "
"Romania","ROU",642,34,"Atlantic, Eastern Central","Atlantic  "
"Romania","ROU",642,37,"Mediterranean and Black Sea","Atlantic  "
"Romania","ROU",642,47,"Atlantic, Southeast","Atlantic  "
"Romania","ROU",642,51,"Indian Ocean, Western","Indian  "
"Russian Federation","RUS",643,5,"Europe - Inland waters","Inland Waters"
"Russian Federation","RUS",643,18,"Arctic Sea","Atlantic  "
"Russian Federation","RUS",643,21,"Atlantic, Northwest","Atlantic  "
"Russian Federation","RUS",643,27,"Atlantic, Northeast","Atlantic  "
"Russian Federation","RUS",643,31,"Atlantic, Western Central","Atlantic  "
"Russian Federation","RUS",643,34,"Atlantic, Eastern Central","Atlantic  "
"Russian Federation","RUS",643,37,"Mediterranean and Black Sea","Atlantic  "
"Russian Federation","RUS",643,41,"Atlantic, Southwest","Atlantic  "
"Russian Federation","RUS",643,47,"Atlantic, Southeast","Atlantic  "
"Russian Federation","RUS",643,48,"Atlantic, Antarctic","Southern"
"Russian Federation","RUS",643,51,"Indian Ocean, Western","Indian  "
"Russian Federation","RUS",643,58,"Indian Ocean, Antarctic","Southern"
"Russian Federation","RUS",643,61,"Pacific, Northwest","Pacific  "
"Russian Federation","RUS",643,67,"Pacific, Northeast","Pacific  "
"Russian Federation","RUS",643,71,"Pacific, Western Central","Pacific  "
"Russian Federation","RUS",643,77,"Pacific, Eastern Central","Pacific  "
"Russian Federation","RUS",643,81,"Pacific, Southwest","Pacific  "
"Russian Federation","RUS",643,87,"Pacific, Southeast","Pacific  "
"Russian Federation","RUS",643,88,"Pacific, Antarctic","Southern"
"Russian Federation","RUS",643,99,"Marine areas outside the Antarctic","Inland Waters"
"Rwanda","RWA",646,1,"Africa - Inland waters","Inland Waters"
"Saint Barthélemy","BLM",652,31,"Atlantic, Western Central","Atlantic  "
"Saint Helena","SHN",654,1,"Africa - Inland waters","Inland Waters"
"Saint Helena","SHN",654,47,"Atlantic, Southeast","Atlantic  "
"Saint Helena","SHN",654,99,"Marine areas outside the Antarctic","Inland Waters"
"Saint Kitts and Nevis","KNA",659,2,"America, North - Inland waters","Inland Waters"
"Saint Kitts and Nevis","KNA",659,31,"Atlantic, Western Central","Atlantic  "
"Saint Kitts and Nevis","KNA",659,34,"Atlantic, Eastern Central","Atlantic  "
"Anguilla","AIA",660,2,"America, North - Inland waters","Inland Waters"
"Anguilla","AIA",660,31,"Atlantic, Western Central","Atlantic  "
"Saint Lucia","LCA",662,2,"America, North - Inland waters","Inland Waters"
"Saint Lucia","LCA",662,31,"Atlantic, Western Central","Atlantic  "
"Saint Lucia","LCA",662,99,"Marine areas outside the Antarctic","Inland Waters"
"Saint-Martin","MAF",663,31,"Atlantic, Western Central","Atlantic  "
"St. Pierre and Miquelon","SPM",666,2,"America, North - Inland waters","Inland Waters"
"St. Pierre and Miquelon","SPM",666,21,"Atlantic, Northwest","Atlantic  "
"Saint Vincent/Grenadines","VCT",670,2,"America, North - Inland waters","Inland Waters"
"Saint Vincent/Grenadines","VCT",670,31,"Atlantic, Western Central","Atlantic  "
"Saint Vincent/Grenadines","VCT",670,34,"Atlantic, Eastern Central","Atlantic  "
"Saint Vincent/Grenadines","VCT",670,41,"Atlantic, Southwest","Atlantic  "
"Saint Vincent/Grenadines","VCT",670,87,"Pacific, Southeast","Pacific  "
"Saint Vincent/Grenadines","VCT",670,99,"Marine areas outside the Antarctic","Inland Waters"
"San Marino","SMR",674,5,"Europe - Inland waters","Inland Waters"
"Sao Tome and Principe","STP",678,1,"Africa - Inland waters","Inland Waters"
"Sao Tome and Principe","STP",678,34,"Atlantic, Eastern Central","Atlantic  "
"Saudi Arabia","SAU",682,4,"Asia - Inland waters","Inland Waters"
"Saudi Arabia","SAU",682,51,"Indian Ocean, Western","Indian  "
"Senegal","SEN",686,1,"Africa - Inland waters","Inland Waters"
"Senegal","SEN",686,34,"Atlantic, Eastern Central","Atlantic  "
"Senegal","SEN",686,51,"Indian Ocean, Western","Indian  "
"Senegal","SEN",686,57,"Indian Ocean, Eastern","Indian  "
"Serbia","SRB",688,5,"Europe - Inland waters","Inland Waters"
"Seychelles","SYC",690,1,"Africa - Inland waters","Inland Waters"
"Seychelles","SYC",690,34,"Atlantic, Eastern Central","Atlantic  "
"Seychelles","SYC",690,41,"Atlantic, Southwest","Atlantic  "
"Seychelles","SYC",690,47,"Atlantic, Southeast","Atlantic  "
"Seychelles","SYC",690,51,"Indian Ocean, Western","Indian  "
"Seychelles","SYC",690,57,"Indian Ocean, Eastern","Indian  "
"Sierra Leone","SLE",694,1,"Africa - Inland waters","Inland Waters"
"Sierra Leone","SLE",694,34,"Atlantic, Eastern Central","Atlantic  "
"Sierra Leone","SLE",694,41,"Atlantic, Southwest","Atlantic  "
"Sierra Leone","SLE",694,99,"Marine areas outside the Antarctic","Inland Waters"
"Singapore","SGP",702,4,"Asia - Inland waters","Inland Waters"
"Singapore","SGP",702,71,"Pacific, Western Central","Pacific  "
"Slovakia","SVK",703,5,"Europe - Inland waters","Inland Waters"
"Viet Nam","VNM",704,4,"Asia - Inland waters","Inland Waters"
"Viet Nam","VNM",704,71,"Pacific, Western Central","Pacific  "
"Slovenia","SVN",705,5,"Europe - Inland waters","Inland Waters"
"Slovenia","SVN",705,37,"Mediterranean and Black Sea","Atlantic  "
"Somalia","SOM",706,1,"Africa - Inland waters","Inland Waters"
"Somalia","SOM",706,51,"Indian Ocean, Western","Indian  "
"Somalia","SOM",706,99,"Marine areas outside the Antarctic","Inland Waters"
"South Africa","ZAF",710,1,"Africa - Inland waters","Inland Waters"
"South Africa","ZAF",710,47,"Atlantic, Southeast","Atlantic  "
"South Africa","ZAF",710,48,"Atlantic, Antarctic","Southern"
"South Africa","ZAF",710,51,"Indian Ocean, Western","Indian  "
"South Africa","ZAF",710,58,"Indian Ocean, Antarctic","Southern"
"South Africa","ZAF",710,88,"Pacific, Antarctic","Southern"
"South Africa","ZAF",710,98,"Antarctic areas nei","Southern"
"South Africa","ZAF",710,99,"Marine areas outside the Antarctic","Inland Waters"
"Zimbabwe","ZWE",716,1,"Africa - Inland waters","Inland Waters"
"Spain","ESP",724,5,"Europe - Inland waters","Inland Waters"
"Spain","ESP",724,21,"Atlantic, Northwest","Atlantic  "
"Spain","ESP",724,27,"Atlantic, Northeast","Atlantic  "
"Spain","ESP",724,31,"Atlantic, Western Central","Atlantic  "
"Spain","ESP",724,34,"Atlantic, Eastern Central","Atlantic  "
"Spain","ESP",724,37,"Mediterranean and Black Sea","Atlantic  "
"Spain","ESP",724,41,"Atlantic, Southwest","Atlantic  "
"Spain","ESP",724,47,"Atlantic, Southeast","Atlantic  "
"Spain","ESP",724,48,"Atlantic, Antarctic","Southern"
"Spain","ESP",724,51,"Indian Ocean, Western","Indian  "
"Spain","ESP",724,57,"Indian Ocean, Eastern","Indian  "
"Spain","ESP",724,58,"Indian Ocean, Antarctic","Southern"
"Spain","ESP",724,61,"Pacific, Northwest","Pacific  "
"Spain","ESP",724,67,"Pacific, Northeast","Pacific  "
"Spain","ESP",724,71,"Pacific, Western Central","Pacific  "
"Spain","ESP",724,77,"Pacific, Eastern Central","Pacific  "
"Spain","ESP",724,81,"Pacific, Southwest","Pacific  "
"Spain","ESP",724,87,"Pacific, Southeast","Pacific  "
"Spain","ESP",724,88,"Pacific, Antarctic","Southern"
"Spain","ESP",724,98,"Antarctic areas nei","Southern"
"Spain","ESP",724,99,"Marine areas outside the Antarctic","Inland Waters"
"South Sudan","SSD",728,1,"Africa - Inland waters","Inland Waters"
"Sudan","SDN",729,1,"Africa - Inland waters","Inland Waters"
"Sudan","SDN",729,51,"Indian Ocean, Western","Indian  "
"Western Sahara","ESH",732,34,"Atlantic, Eastern Central","Atlantic  "
"Sudan (former)","",736,1,"Africa - Inland waters","Inland Waters"
"Sudan (former)","",736,51,"Indian Ocean, Western","Indian  "
"Suriname","SUR",740,3,"America, South - Inland waters","Inland Waters"
"Suriname","SUR",740,31,"Atlantic, Western Central","Atlantic  "
"Svalbard and Jan Mayen","SJM",744,27,"Atlantic, Northeast","Atlantic  "
"Eswatini","SWZ",748,1,"Africa - Inland waters","Inland Waters"
"Sweden","SWE",752,5,"Europe - Inland waters","Inland Waters"
"Sweden","SWE",752,27,"Atlantic, Northeast","Atlantic  "
"Sweden","SWE",752,99,"Marine areas outside the Antarctic","Inland Waters"
"Switzerland","CHE",756,5,"Europe - Inland waters","Inland Waters"
"Syrian Arab Republic","SYR",760,4,"Asia - Inland waters","Inland Waters"
"Syrian Arab Republic","SYR",760,37,"Mediterranean and Black Sea","Atlantic  "
"Tajikistan","TJK",762,4,"Asia - Inland waters","Inland Waters"
"Thailand","THA",764,4,"Asia - Inland waters","Inland Waters"
"Thailand","THA",764,51,"Indian Ocean, Western","Indian  "
"Thailand","THA",764,57,"Indian Ocean, Eastern","Indian  "
"Thailand","THA",764,71,"Pacific, Western Central","Pacific  "
"Togo","TGO",768,1,"Africa - Inland waters","Inland Waters"
"Togo","TGO",768,34,"Atlantic, Eastern Central","Atlantic  "
"Tokelau","TKL",772,6,"Oceania - Inland waters","Inland Waters"
"Tokelau","TKL",772,77,"Pacific, Eastern Central","Pacific  "
"Tonga","TON",776,6,"Oceania - Inland waters","Inland Waters"
"Tonga","TON",776,77,"Pacific, Eastern Central","Pacific  "
"Tonga","TON",776,99,"Marine areas outside the Antarctic","Inland Waters"
"Trinidad and Tobago","TTO",780,2,"America, North - Inland waters","Inland Waters"
"Trinidad and Tobago","TTO",780,31,"Atlantic, Western Central","Atlantic  "
"United Arab Emirates","ARE",784,4,"Asia - Inland waters","Inland Waters"
"United Arab Emirates","ARE",784,51,"Indian Ocean, Western","Indian  "
"Tunisia","TUN",788,1,"Africa - Inland waters","Inland Waters"
"Tunisia","TUN",788,37,"Mediterranean and Black Sea","Atlantic  "
"Turkey","TUR",792,4,"Asia - Inland waters","Inland Waters"
"Turkey","TUR",792,37,"Mediterranean and Black Sea","Atlantic  "
"Turkey","TUR",792,99,"Marine areas outside the Antarctic","Inland Waters"
"Turkmenistan","TKM",795,4,"Asia - Inland waters","Inland Waters"
"Turks and Caicos Is.","TCA",796,2,"America, North - Inland waters","Inland Waters"
"Turks and Caicos Is.","TCA",796,31,"Atlantic, Western Central","Atlantic  "
"Tuvalu","TUV",798,6,"Oceania - Inland waters","Inland Waters"
"Tuvalu","TUV",798,71,"Pacific, Western Central","Pacific  "
"Uganda","UGA",800,1,"Africa - Inland waters","Inland Waters"
"Ukraine","UKR",804,5,"Europe - Inland waters","Inland Waters"
"Ukraine","UKR",804,21,"Atlantic, Northwest","Atlantic  "
"Ukraine","UKR",804,27,"Atlantic, Northeast","Atlantic  "
"Ukraine","UKR",804,34,"Atlantic, Eastern Central","Atlantic  "
"Ukraine","UKR",804,37,"Mediterranean and Black Sea","Atlantic  "
"Ukraine","UKR",804,41,"Atlantic, Southwest","Atlantic  "
"Ukraine","UKR",804,47,"Atlantic, Southeast","Atlantic  "
"Ukraine","UKR",804,48,"Atlantic, Antarctic","Southern"
"Ukraine","UKR",804,51,"Indian Ocean, Western","Indian  "
"Ukraine","UKR",804,57,"Indian Ocean, Eastern","Indian  "
"Ukraine","UKR",804,58,"Indian Ocean, Antarctic","Southern"
"Ukraine","UKR",804,61,"Pacific, Northwest","Pacific  "
"Ukraine","UKR",804,77,"Pacific, Eastern Central","Pacific  "
"Ukraine","UKR",804,81,"Pacific, Southwest","Pacific  "
"Ukraine","UKR",804,87,"Pacific, Southeast","Pacific  "
"Ukraine","UKR",804,88,"Pacific, Antarctic","Southern"
"North Macedonia","MKD",807,5,"Europe - Inland waters","Inland Waters"
"Un. Sov. Soc. Rep.","SUN",810,7,"Former USSR area - Inland waters","Inland Waters"
"Un. Sov. Soc. Rep.","SUN",810,18,"Arctic Sea","Atlantic  "
"Un. Sov. Soc. Rep.","SUN",810,21,"Atlantic, Northwest","Atlantic  "
"Un. Sov. Soc. Rep.","SUN",810,27,"Atlantic, Northeast","Atlantic  "
"Un. Sov. Soc. Rep.","SUN",810,31,"Atlantic, Western Central","Atlantic  "
"Un. Sov. Soc. Rep.","SUN",810,34,"Atlantic, Eastern Central","Atlantic  "
"Un. Sov. Soc. Rep.","SUN",810,37,"Mediterranean and Black Sea","Atlantic  "
"Un. Sov. Soc. Rep.","SUN",810,41,"Atlantic, Southwest","Atlantic  "
"Un. Sov. Soc. Rep.","SUN",810,47,"Atlantic, Southeast","Atlantic  "
"Un. Sov. Soc. Rep.","SUN",810,48,"Atlantic, Antarctic","Southern"
"Un. Sov. Soc. Rep.","SUN",810,51,"Indian Ocean, Western","Indian  "
"Un. Sov. Soc. Rep.","SUN",810,57,"Indian Ocean, Eastern","Indian  "
"Un. Sov. Soc. Rep.","SUN",810,58,"Indian Ocean, Antarctic","Southern"
"Un. Sov. Soc. Rep.","SUN",810,61,"Pacific, Northwest","Pacific  "
"Un. Sov. Soc. Rep.","SUN",810,67,"Pacific, Northeast","Pacific  "
"Un. Sov. Soc. Rep.","SUN",810,71,"Pacific, Western Central","Pacific  "
"Un. Sov. Soc. Rep.","SUN",810,77,"Pacific, Eastern Central","Pacific  "
"Un. Sov. Soc. Rep.","SUN",810,81,"Pacific, Southwest","Pacific  "
"Un. Sov. Soc. Rep.","SUN",810,87,"Pacific, Southeast","Pacific  "
"Un. Sov. Soc. Rep.","SUN",810,88,"Pacific, Antarctic","Southern"
"Un. Sov. Soc. Rep.","SUN",810,98,"Antarctic areas nei","Southern"
"Un. Sov. Soc. Rep.","SUN",810,99,"Marine areas outside the Antarctic","Inland Waters"
"Egypt","EGY",818,1,"Africa - Inland waters","Inland Waters"
"Egypt","EGY",818,34,"Atlantic, Eastern Central","Atlantic  "
"Egypt","EGY",818,37,"Mediterranean and Black Sea","Atlantic  "
"Egypt","EGY",818,51,"Indian Ocean, Western","Indian  "
"United Kingdom","GBR",826,5,"Europe - Inland waters","Inland Waters"
"United Kingdom","GBR",826,21,"Atlantic, Northwest","Atlantic  "
"United Kingdom","GBR",826,27,"Atlantic, Northeast","Atlantic  "
"United Kingdom","GBR",826,34,"Atlantic, Eastern Central","Atlantic  "
"United Kingdom","GBR",826,41,"Atlantic, Southwest","Atlantic  "
"United Kingdom","GBR",826,47,"Atlantic, Southeast","Atlantic  "
"United Kingdom","GBR",826,48,"Atlantic, Antarctic","Southern"
"United Kingdom","GBR",826,51,"Indian Ocean, Western","Indian  "
"United Kingdom","GBR",826,57,"Indian Ocean, Eastern","Indian  "
"United Kingdom","GBR",826,88,"Pacific, Antarctic","Southern"
"United Kingdom","GBR",826,98,"Antarctic areas nei","Southern"
"United Kingdom","GBR",826,99,"Marine areas outside the Antarctic","Inland Waters"
"Channel Islands","",830,5,"Europe - Inland waters","Inland Waters"
"Channel Islands","",830,27,"Atlantic, Northeast","Atlantic  "
"Isle of Man","IMN",833,5,"Europe - Inland waters","Inland Waters"
"Isle of Man","IMN",833,27,"Atlantic, Northeast","Atlantic  "
"Tanzania, United Rep. of","TZA",834,1,"Africa - Inland waters","Inland Waters"
"Tanzania, United Rep. of","TZA",834,51,"Indian Ocean, Western","Indian  "
"Tanzania, United Rep. of","TZA",834,99,"Marine areas outside the Antarctic","Inland Waters"
"Zanzibar","EAZ",835,51,"Indian Ocean, Western","Indian  "
"United States of America","USA",840,2,"America, North - Inland waters","Inland Waters"
"United States of America","USA",840,21,"Atlantic, Northwest","Atlantic  "
"United States of America","USA",840,27,"Atlantic, Northeast","Atlantic  "
"United States of America","USA",840,31,"Atlantic, Western Central","Atlantic  "
"United States of America","USA",840,34,"Atlantic, Eastern Central","Atlantic  "
"United States of America","USA",840,47,"Atlantic, Southeast","Atlantic  "
"United States of America","USA",840,48,"Atlantic, Antarctic","Southern"
"United States of America","USA",840,61,"Pacific, Northwest","Pacific  "
"United States of America","USA",840,67,"Pacific, Northeast","Pacific  "
"United States of America","USA",840,71,"Pacific, Western Central","Pacific  "
"United States of America","USA",840,77,"Pacific, Eastern Central","Pacific  "
"United States of America","USA",840,81,"Pacific, Southwest","Pacific  "
"United States of America","USA",840,87,"Pacific, Southeast","Pacific  "
"United States of America","USA",840,88,"Pacific, Antarctic","Southern"
"United States of America","USA",840,99,"Marine areas outside the Antarctic","Inland Waters"
"US Virgin Islands","VIR",850,2,"America, North - Inland waters","Inland Waters"
"US Virgin Islands","VIR",850,31,"Atlantic, Western Central","Atlantic  "
"Burkina Faso","BFA",854,1,"Africa - Inland waters","Inland Waters"
"Uruguay","URY",858,3,"America, South - Inland waters","Inland Waters"
"Uruguay","URY",858,41,"Atlantic, Southwest","Atlantic  "
"Uruguay","URY",858,47,"Atlantic, Southeast","Atlantic  "
"Uruguay","URY",858,48,"Atlantic, Antarctic","Southern"
"Uruguay","URY",858,51,"Indian Ocean, Western","Indian  "
"Uruguay","URY",858,57,"Indian Ocean, Eastern","Indian  "
"Uruguay","URY",858,58,"Indian Ocean, Antarctic","Southern"
"Uruguay","URY",858,87,"Pacific, Southeast","Pacific  "
"Uruguay","URY",858,88,"Pacific, Antarctic","Southern"
"Uzbekistan","UZB",860,4,"Asia - Inland waters","Inland Waters"
"Venezuela, Boliv Rep of","VEN",862,3,"America, South - Inland waters","Inland Waters"
"Venezuela, Boliv Rep of","VEN",862,21,"Atlantic, Northwest","Atlantic  "
"Venezuela, Boliv Rep of","VEN",862,31,"Atlantic, Western Central","Atlantic  "
"Venezuela, Boliv Rep of","VEN",862,77,"Pacific, Eastern Central","Pacific  "
"Venezuela, Boliv Rep of","VEN",862,87,"Pacific, Southeast","Pacific  "
"Wallis and Futuna Is.","WLF",876,6,"Oceania - Inland waters","Inland Waters"
"Wallis and Futuna Is.","WLF",876,71,"Pacific, Western Central","Pacific  "
"Samoa","WSM",882,6,"Oceania - Inland waters","Inland Waters"
"Samoa","WSM",882,77,"Pacific, Eastern Central","Pacific  "
"Yemen","YEM",887,4,"Asia - Inland waters","Inland Waters"
"Yemen","YEM",887,51,"Indian Ocean, Western","Indian  "
"Yugoslavia SFR","YUG",890,5,"Europe - Inland waters","Inland Waters"
"Yugoslavia SFR","YUG",890,37,"Mediterranean and Black Sea","Atlantic  "
"Serbia and Montenegro","SCG",891,5,"Europe - Inland waters","Inland Waters"
"Serbia and Montenegro","SCG",891,37,"Mediterranean and Black Sea","Atlantic  "
"Zambia","ZMB",894,1,"Africa - Inland waters","Inland Waters"
"Other nei","",896,27,"Atlantic, Northeast","Atlantic  "
"Other nei","",896,31,"Atlantic, Western Central","Atlantic  "
"Other nei","",896,34,"Atlantic, Eastern Central","Atlantic  "
"Other nei","",896,37,"Mediterranean and Black Sea","Atlantic  "
"Other nei","",896,41,"Atlantic, Southwest","Atlantic  "
"Other nei","",896,47,"Atlantic, Southeast","Atlantic  "
"Other nei","",896,51,"Indian Ocean, Western","Indian  "
"Other nei","",896,57,"Indian Ocean, Eastern","Indian  "
"Other nei","",896,77,"Pacific, Eastern Central","Pacific  "
"Other nei","",896,87,"Pacific, Southeast","Pacific  "
"Other nei","",896,99,"Marine areas outside the Antarctic","Inland Waters"
